"index","x","y","z"
"1",0.00840630472854642,2.27915936952714,82
"2",1,2.28231173380035,75
"3",0.23562672004003,-0.0739054290718046,69
"4",0.230923192394296,-1.03642732049037,74
"5",0.475306479859895,-4.77092819614711,75
"6",0.618163622717038,-4.77092819614711,75
"7",1.28051038278709,-4.14430823117338,71
"8",1.45804353264949,-4.28231173380035,65
"9",2.15636727545659,-6.18704028021016,67
"10",1.74590943207406,-6.58669001751313,NA